Category,total_sales,total_profit,avg_margin,margin_std,n_orders
Furniture,741432.0433,18380.2814,0.038703506886473324,0.3446443936776405,2119
Office Supplies,718317.792,122247.4038,0.1378430015867744,0.548070358168687,6022
Technology,835759.737,145386.1344,0.15613115670839248,0.23068380679579514,1845
