Region,total_sales,avg_margin,n_orders
Central,501239.8908,-0.10407293926323578,2323
East,677906.368,0.16715122604402044,2845
South,391007.825,0.16305899339933994,1616
West,725355.4885,0.21951222275293628,3202
